<?xml version="1.0" encoding="UTF-8"?>
<beans xmlns="http://www.springframework.org/schema/beans"
       xmlns:xsi="http://www.w3.org/2001/XMLSchema-instance"
       xmlns:context="http://www.springframework.org/schema/context"
       xsi:schemaLocation="http://www.springframework.org/schema/beans
       http://www.springframework.org/schema/beans/spring-beans.xsd
        http://www.springframework.org/schema/context http://www.springframework.org/schema/context/spring-context.xsd">

    <!--配置整合mybatis过程
    1.配置数据库相关参数-->
    <context:property-placeholder location="classpath:jdbc.properties"/>


    <!-- 配置数据源 -->
    <bean name="druidDataSource" class="com.alibaba.druid.pool.DruidDataSource" init-method="init" destroy-method="close">
        <property name="driverClassName" value="${jdbc_driverClassName}" />
        <property name="url" value="${jdbc_url}"/>
        <property name="username" value="${jdbc_username}"/>
        <property name="password" value="${jdbc_password}"/>

        <!-- 初始化连接大小 -->
        <property name="initialSize" value="5"/>
        <!-- 连接池最大使用连接数量 -->
        <property name="maxActive" value="50"/>
        <!-- 连接池最大空闲 -->
        <property name="maxIdle" value="20"/>
        <!-- 连接池最小空闲 -->
        <property name="minIdle" value="5"/>
        <!-- 获取连接最大等待时间 -->
        <property name="maxWait" value="60000"/>

        <property name="validationQuery" value="${validationQuery}"/>
        <property name="testOnBorrow" value="false"/>
        <property name="testOnReturn" value="false"/>
        <property name="testWhileIdle" value="true"/>

        <!-- 配置间隔多久才进行一次检测，检测需要关闭的空闲连接，单位是毫秒 -->
        <property name="timeBetweenEvictionRunsMillis" value="60000"/>
        <!-- 配置一个连接在池中最小生存的时间，单位是毫秒 -->
        <property name="minEvictableIdleTimeMillis" value="25200000"/>

        <!-- 打开removeAbandoned功能 -->
        <property name="removeAbandoned" value="true"/>
        <!-- 1800秒，也就是30分钟 -->
        <property name="removeAbandonedTimeout" value="1800"/>
        <!-- 关闭abanded连接时输出错误日志 -->
        <property name="logAbandoned" value="true"/>

        <!-- 监控数据库 -->
        <property name="filters" value="mergeStat"/>
    </bean>


    <bean id="dbcpDataSource" class="org.apache.commons.dbcp.BasicDataSource" destroy-method="close">
        <property name="driverClassName" value="${jdbc_driverClassName}" />
        <property name="url" value="${jdbc_url}" />
        <property name="username" value="${jdbc_username}" />
        <property name="password" value="${jdbc_password}" />
        <!-- 初始化连接大小（默认值为0） -->
        <property name="initialSize" value="1"/>
        <!-- 连接池最大数量 （默认值为8)-->
        <property name="maxActive" value="10"/>
        <!-- 连接池最大空闲（默认为8个) -->
        <property name="maxIdle" value="5"/>
        <!-- 连接池最小空闲 （默认为0)-->
        <property name="minIdle" value="0"/>
        <!-- 获取连接最大等待时间 5秒 -->
        <property name="maxWait" value="5000"/>
    </bean>



    <!--约定大于配置-->
    <!--３.配置SqlSessionFactory对象-->
    <bean id="sqlSessionFactory" class="org.mybatis.spring.SqlSessionFactoryBean">
        <!--往下才是mybatis和spring真正整合的配置-->
        <!--注入数据库连接池-->
        <property name="dataSource" ref="druidDataSource"/>
        <!--配置mybatis全局配置文件:mybatis-config.xml-->
        <property name="configLocation" value="classpath:mybatis-config.xml"/>
        <!--扫描entity包,使用别名,多个用;隔开-->
        <property name="typeAliasesPackage" value="com.ht.vo"/>
        <!--扫描sql配置文件:mapper需要的xml文件-->
        <property name="mapperLocations" value="classpath:com/ht/mapper/*.xml"/>
    </bean>

    <!--４:配置扫描Dao接口包,动态实现DAO接口,注入到spring容器-->
    <bean class="org.mybatis.spring.mapper.MapperScannerConfigurer">
        <!--注入SqlSessionFactory-->
        <property name="sqlSessionFactoryBeanName" value="sqlSessionFactory"/>
        <!-- 给出需要扫描的Dao接口-->
        <property name="basePackage" value="com.ht.mapper"/>
    </bean>

</beans>
